{"cameraMode":{"drawMode":0,"name":"Shaded","section":"Shading Mode"},"sceneLighting":false,"audioPlay":false,"sceneViewState":{"showFog":true,"showMaterialUpdate":false,"showSkybox":false,"showFlares":true,"showImageEffects":true,"showParticleSystems":true},"in2DMode":false,"pivot":{"x":2.384185791015625e-7,"y":1.1763370037078858,"z":-0.3770372271537781},"rotation":{"x":0.043411996215581897,"y":0.940991222858429,"z":-0.13242506980895997,"w":0.3084973096847534},"size":1.8505589962005616,"orthographic":false}