{"cameraMode":{"drawMode":0,"name":"Shaded","section":"Shading Mode"},"sceneLighting":true,"audioPlay":false,"sceneViewState":{"showFog":true,"showMaterialUpdate":false,"showSkybox":true,"showFlares":true,"showImageEffects":true,"showParticleSystems":true},"in2DMode":false,"pivot":{"x":-19.655834197998048,"y":-17.70640754699707,"z":-10.288562774658204},"rotation":{"x":-0.10825468599796295,"y":0.88633793592453,"z":-0.36678847670555117,"w":-0.2613327205181122},"size":38.33898162841797,"orthographic":false}