{"cameraMode":{"drawMode":0,"name":"Shaded","section":"Shading Mode"},"sceneLighting":true,"audioPlay":false,"sceneViewState":{"showFog":true,"showMaterialUpdate":false,"showSkybox":true,"showFlares":true,"showImageEffects":true,"showParticleSystems":true},"in2DMode":false,"pivot":{"x":-8.706496238708496,"y":2.311767101287842,"z":12.558046340942383},"rotation":{"x":-0.03271268680691719,"y":0.18571610748767854,"z":-0.006258286070078611,"w":-0.9821982383728027},"size":12.105283737182618,"orthographic":false}