{"cameraMode":{"drawMode":0,"name":"Shaded","section":"Shading Mode"},"sceneLighting":false,"audioPlay":false,"sceneViewState":{"showFog":true,"showMaterialUpdate":false,"showSkybox":false,"showFlares":true,"showImageEffects":true,"showParticleSystems":true},"in2DMode":false,"pivot":{"x":-0.6084847450256348,"y":1.9957818984985352,"z":4.1270751953125},"rotation":{"x":-0.21195797622203828,"y":-0.10567173361778259,"z":0.022848153486847879,"w":-0.9714170694351196},"size":2.2863171100616457,"orthographic":false}