{"cameraMode":{"drawMode":0,"name":"Shaded","section":"Shading Mode"},"sceneLighting":false,"audioPlay":false,"sceneViewState":{"showFog":true,"showMaterialUpdate":false,"showSkybox":false,"showFlares":true,"showImageEffects":true,"showParticleSystems":true},"in2DMode":false,"pivot":{"x":-16.116378784179689,"y":-2.316415786743164,"z":22.453676223754884},"rotation":{"x":0.04164392501115799,"y":0.9405658841133118,"z":-0.3130642771720886,"w":0.12517261505126954},"size":0.43701446056365969,"orthographic":false}