{"cameraMode":{"drawMode":0,"name":"Shaded","section":"Shading Mode"},"sceneLighting":true,"audioPlay":false,"sceneViewState":{"showFog":true,"showMaterialUpdate":false,"showSkybox":true,"showFlares":true,"showImageEffects":true,"showParticleSystems":true},"in2DMode":false,"pivot":{"x":-5.825005531311035,"y":-7.833134651184082,"z":9.343955993652344},"rotation":{"x":0.04528171196579933,"y":0.9468081593513489,"z":-0.15358726680278779,"w":0.2792453467845917},"size":22.0,"orthographic":false}